{"stat.flyOneCm":27804,"stat.craftItem.58":1,"stat.walkOneCm":8146,"stat.useItem.50":2,"stat.mineBlock.17":2,"stat.jump":20,"stat.swimOneCm":573,"stat.useItem.257":42,"stat.playOneMinute":3793,"achievement.openInventory":5,"stat.fallOneCm":1896,"stat.craftItem.5":8,"achievement.buildWorkBench":2,"stat.damageTaken":90,"stat.mineBlock.3":2,"stat.mineBlock.1":3,"achievement.mineWood":2,"achievement.exploreAllBiomes":{"value":0,"progress":["Heaven","Plains"]},"stat.diveOneCm":313,"stat.useItem.58":1}